metric,label,format,domain,higher_is_better,definition,formula,strategic_use,high_value_interpretation,low_value_interpretation,trend_interpretation,caveats,source_layer,module,display_in_dashboard,display_priority
occupancy_rate,Occupancy rate,percent,Utilization,True,The share of available bed days that were filled by residents during the cost-reporting period.,Total resident days / total bed days available,"Used to assess capacity utilization, demand, referral strength, and whether the facility is carrying excess bed capacity.","Higher occupancy generally suggests stronger demand or better use of available capacity, but very high occupancy can reduce flexibility.","Lower occupancy may suggest referral leakage, market competition, quality/reputation issues, or excess capacity.",A declining trend may be a warning sign for market position; an improving trend may suggest stronger referral capture or demand recovery.,"Occupancy alone does not prove financial strength. Interpret it with payer mix, margin, staffing, and quality.",hcris_puf,operations,True,1
medicare_day_share,Medicare day share,percent,Payer mix,True,The share of total resident days paid by Medicare.,Medicare days / total resident days,Used as a proxy for skilled/post-acute orientation and hospital referral capture.,"A higher share may reflect stronger post-acute volume, more skilled care, or greater Medicare payment exposure.",A lower share may indicate a more long-stay/custodial model or weaker skilled referral capture.,A declining trend may indicate loss of post-acute referrals or a shift toward long-stay utilization.,"This is not a direct case-mix measure and should eventually be interpreted with quality, PBJ staffing, hospital referral data, and Medicare Advantage context.",hcris_puf,payer_mix,True,2
medicaid_day_share,Medicaid day share,percent,Payer mix,False,The share of total resident days paid by Medicaid.,Medicaid days / total resident days,Used to assess long-stay payer dependence and exposure to state Medicaid reimbursement policy.,A higher share often reflects a long-stay nursing facility business model and may increase reimbursement adequacy risk.,"A lower share may reflect a more post-acute, private-pay, or other-payer business mix.",A rising trend may indicate increasing dependence on long-stay Medicaid volume.,"High Medicaid share is not automatically negative; it must be interpreted with state Medicaid rates, occupancy, costs, and margin.",hcris_puf,payer_mix,True,3
other_day_share,Other/private day share,percent,Payer mix,True,The share of resident days not classified as Medicare or Medicaid in the cost report.,Other days / total resident days,"Used as a broad proxy for private pay, managed care, commercial, or other payer activity.",A higher share may reflect payer diversity or private/managed-care activity.,A lower share may indicate heavier reliance on Medicare and Medicaid programs.,"A changing trend may suggest shifts in payer contracts, resident mix, or local market dynamics.",The category is broad and should not be treated as a clean private-pay measure without additional payer detail.,hcris_puf,payer_mix,True,4
net_patient_revenue_per_day,Net patient revenue per resident day,dollar,Revenue,True,Net patient care revenue divided by total resident days.,Net patient revenue / total resident days,"Used to evaluate revenue yield, reimbursement adequacy, payer mix, and payment performance.","A higher value may reflect stronger skilled mix, better reimbursement, higher acuity, or more favorable payer contracts.","A lower value may reflect Medicaid dependence, weaker payer contracts, lower acuity, or limited skilled volume.",Revenue/day should be compared with expense/day to identify margin compression or improvement.,Revenue per day should not be interpreted without payer mix and case-mix context.,hcris_puf,financial,True,5
operating_expense_per_day,Operating expense per resident day,dollar,Cost,False,Total operating expense divided by total resident days.,Operating expense / total resident days,"Used to assess cost intensity, operating efficiency, labor pressure, and sustainability.","A higher value may reflect higher staffing costs, contract labor, acuity, overhead, or inefficiency.","A lower value may reflect efficiency, lower labor costs, lower acuity, or possible underinvestment.","If expenses grow faster than revenue/day, margin pressure may increase.","Lower expense is not always better. Interpret with staffing, quality, acuity, and occupancy.",hcris_puf,financial,True,6
patient_service_margin,Patient service margin,percent,Margin,True,Net income from patient care services as a share of net patient revenue.,Net income from service to patients / net patient revenue,Used to assess whether patient care operations are financially sustainable.,A positive margin suggests care delivery revenue is covering related operating costs.,A negative margin suggests patient care operations are not covering costs.,"A worsening trend may indicate revenue pressure, cost growth, payer-mix deterioration, or staffing pressure.","This metric does not explain why margin is high or low; use it with revenue/day, expense/day, payer mix, and labor metrics.",hcris_puf,financial,True,7
total_margin,Total margin,percent,Margin,True,Overall net income as a share of net patient revenue.,Net income / net patient revenue,Used to evaluate total financial performance after considering non-patient revenue or other income effects.,A higher value indicates stronger overall surplus relative to care revenue.,A lower or negative value indicates weaker overall financial performance.,A trend can reveal whether total profitability is improving or deteriorating.,"Total margin can be influenced by accounting, ownership structure, related-party activity, and other income.",hcris_puf,financial,True,8
salary_cost_per_day,Salary cost per resident day,dollar,Labor,False,Adjusted salary expense divided by total resident days.,Adjusted salaries / total resident days,Used to assess direct labor cost intensity and compare staffing-cost pressure across peers.,"A higher value may indicate higher staffing levels, higher wages, acuity, or labor-market pressure.","A lower value may reflect efficiency, lower wage markets, lower staffing intensity, or possible underinvestment.","A rising trend may indicate wage inflation, staffing changes, or acuity changes.",Cost-report salary data does not directly measure staffing hours or quality; PBJ staffing should be added for stronger interpretation.,hcris_puf,labor,True,9
contract_labor_per_day,Contract labor per resident day,dollar,Labor,False,Contract labor expense divided by total resident days.,Contract labor / total resident days,Used to assess agency or contracted labor cost pressure on a per-resident-day basis.,"A higher value may signal staffing shortages, agency reliance, or temporary labor-market disruption.",A lower value may indicate limited contract-labor reliance or stronger employee staffing stability.,A rising trend may be an early indicator of staffing stress or wage pressure.,Some contract labor can be normal or temporary; pair with PBJ staffing and local labor-market context.,hcris_puf,labor,True,10
contract_labor_ratio,Contract labor ratio,percent,Labor,False,Contract labor as a share of combined adjusted salaries and contract labor.,Contract labor / (adjusted salaries + contract labor),Used to assess workforce instability and reliance on contracted or agency staffing.,"A higher value may indicate staffing shortages, retention problems, agency dependence, or labor-market stress.",A lower value may indicate more stable employed staffing or less dependence on agency labor.,A rising trend is often a warning sign for operating cost and staffing stability.,"This is a financial proxy, not a staffing-hours measure; PBJ data should be added for stronger operations analysis.",hcris_puf,labor,True,11
days_cash_on_hand,Days cash on hand,number,Liquidity,True,Estimated number of days the facility could cover operating expenses using reported cash.,Cash / (operating expense / report days),Used to assess liquidity cushion and short-term financial resilience.,A higher value suggests more liquidity cushion.,A lower value may indicate financial fragility or limited cash reserves.,A declining trend can signal weakening liquidity even before margins become severely negative.,"Balance sheet values can be affected by timing, ownership structure, related parties, and accounting practices.",hcris_puf,liquidity,True,12
current_ratio,Current ratio,number,Liquidity,True,Current assets divided by current liabilities.,Current assets / current liabilities,Used to evaluate short-term ability to cover obligations due within a year.,A higher value generally suggests stronger short-term liquidity.,A lower value may signal near-term financial pressure or limited working capital.,A declining trend can indicate growing liquidity risk.,"Interpret with days cash, payables, accounts receivable, and ownership context.",hcris_puf,liquidity,True,13
days_accounts_receivable,Days accounts receivable,number,Liquidity,False,Estimated days of net patient revenue tied up in accounts receivable.,Accounts receivable / (net patient revenue / report days),"Used to assess billing, collection timing, and working-capital pressure.","A higher value may indicate slower collections, payer delays, or billing issues.",A lower value may suggest faster collections or a less receivables-intensive payer mix.,A rising trend can increase cash pressure even when reported revenue is stable.,Receivables can reflect timing and accounting practices; interpret with payer mix and revenue cycle context.,hcris_puf,liquidity,True,14
debt_to_assets,Debt to assets,percent,Solvency,False,Total liabilities as a share of total assets.,Total liabilities / total assets,"Used to assess leverage, solvency, and balance-sheet risk.",A higher value may indicate greater leverage and less financial flexibility.,A lower value may indicate less leverage or a stronger asset cushion.,"A rising trend can indicate increasing balance-sheet risk, especially if margins are negative.",Facility balance sheets can be affected by ownership structure and related-party arrangements.,hcris_puf,solvency,True,15
average_daily_census,Average daily census,number,Utilization,True,Average number of occupied beds per day during the cost-reporting period.,Total resident days / report days used for rates,Shows absolute census level and complements occupancy rate.,"Higher census generally indicates greater use of staffed capacity, subject to facility size.",Lower census may indicate unused capacity or a smaller operating footprint.,Changes help distinguish census movement from bed-capacity changes.,Compare with licensed/available beds and report-period quality.,hcris_puf,operations,True,16
revenue_expense_spread_per_day,Revenue-expense spread per resident day,dollar,Margin,True,Difference between net patient revenue per resident day and operating expense per resident day.,Net patient revenue per day - operating expense per day,Provides an intuitive unit-economics view of revenue versus operating expense.,A larger positive spread generally indicates stronger unit economics.,A negative spread indicates operating expense exceeds patient revenue per resident day.,A narrowing spread may signal reimbursement or cost pressure.,Does not include every source of income or non-operating item.,hcris_puf,financial,True,17
net_income_per_day,Net income per resident day,dollar,Margin,True,Reported net income divided by total resident days.,Net income / total resident days,Expresses bottom-line results on a resident-day basis.,Higher positive values indicate stronger bottom-line performance per resident day.,Negative values indicate net losses on a resident-day basis.,Useful for seeing whether bottom-line performance is improving independent of census.,"Can be affected by non-patient revenue, ownership structure, and accounting choices.",hcris_puf,financial,True,18
total_labor_cost_per_day,Total labor cost per resident day,dollar,Labor,False,"Visible salary, wage-related, and contract labor costs per resident day.",(Adjusted salaries + wage-related costs + contract labor) / total resident days,Summarizes visible labor-cost intensity for peer comparison.,"Higher values may indicate wage pressure, staffing intensity, agency use, acuity, or inefficiency.",Lower values may reflect efficiency or lower labor intensity and should be checked against staffing and quality.,"A rising trend may indicate wage inflation, staffing changes, or agency pressure.","This is a cost-report financial measure, not a complete labor accounting or staffing-hours measure.",hcris_puf,labor,True,19
labor_cost_share_of_operating_expense,Labor cost share of operating expense,percent,Labor,False,Visible labor costs as a share of reported operating expense.,Total visible labor cost / operating expense,Shows how much of the operating cost structure is attributable to visible labor categories.,A higher share can indicate labor-heavy operations or labor-market pressure.,A lower share can indicate a different cost structure but is not automatically better.,Changes can reveal whether labor is becoming a larger or smaller portion of operating cost.,Cost-report classifications and missing labor components can affect comparability.,hcris_puf,labor,True,20
wage_related_cost_ratio,Wage-related cost ratio,percent,Labor,False,Wage-related costs relative to adjusted salary expense.,Wage-related costs / adjusted salaries,Provides context on benefits/payroll-related burden relative to direct salaries.,Higher values indicate more wage-related cost per salary dollar.,Lower values indicate less reported wage-related cost per salary dollar.,"A rising trend may indicate benefit, payroll tax, or other wage-related cost pressure.",Interpretation depends on cost-report classification and completeness.,hcris_puf,labor,True,21
