provider_ccn,display_name,facility_name,city,county,state,zip_code,cbsa,rural_urban,type_of_control,total_beds,bed_size_band,snf_nf_mix,source_year,fiscal_year,report_days,report_period_status,latest_valid_rule,total_days,average_daily_census,occupancy_rate,medicare_day_share,medicaid_day_share,other_day_share,net_patient_revenue_per_day,operating_expense_per_day,revenue_expense_spread_per_day,patient_service_margin,total_margin,net_income_per_day,salary_cost_per_day,contract_labor_per_day,contract_labor_ratio,total_labor_cost_per_day,labor_cost_share_of_operating_expense,days_cash_on_hand,current_ratio,valid_core_benchmark,data_quality_flags,data_layer_version
465189,ADVANCED HEALTH CARE OF SALEM — SALEM (465189),ADVANCED HEALTH CARE OF SALEM,SALEM,UTAH,UT,84653,39340,U,5,16,<50,SNF-dominant,2023,2023,365,plausible,valid_core_plausible_report_period,5080,13.917808219178083,0.8698630136986302,0.7992125984251969,NA,0.20078740157480315,646.8110236220473,655.5009842519685,-8.689960629921188,-0.01343508430214864,-0.00949388276827561,-6.140748031496063,318.9746062992126,NA,NA,363.7496062992126,0.5549184746294609,116.31755629597487,8.412938294203327,TRUE,NA,v0.41
465190,ADVANCED HEALTH CARE OF ST. GEORGE — ST. GEORGE (465190),ADVANCED HEALTH CARE OF ST. GEORGE,ST. GEORGE,WASHINGTON,UT,84790,41100,U,4,50,50-99,SNF-dominant,2023,2023,365,plausible,valid_core_plausible_report_period,10533,28.85753424657534,0.5771506849315069,0.8407861008259755,NA,0.15921389917402448,629.4508686983766,699.0186081838033,-69.56773948542673,-0.11052131777859628,-0.10963142416462368,-69.00759517706257,312.49539542390585,3.5065983100731035,0.01109676008254896,370.13614354884646,0.5295082837787933,-106.91532716726044,-3.9576431585292347,TRUE,NA,v0.41
465191,ALPINE MEADOW REHABILITATION AND NUR — WEST VALLEY CITY (465191),ALPINE MEADOW REHABILITATION AND NUR,WEST VALLEY CITY,SALT LAKE,UT,84119,41620,U,9,42,<50,SNF-dominant,2023,2023,365,plausible,valid_core_plausible_report_period,14393,39.43287671232877,0.9388780169602088,0.025151115125408186,NA,0.9748488848745919,350.06544848190094,295.35816021677203,54.70728826512891,0.1562773147203568,0.16165372496373914,56.589383728201206,107.28152574167999,NA,NA,119.28583339123185,0.4038684196288481,55.6549249721836,17.243498122653317,TRUE,NA,v0.41
465164,ALPINE REHAB INC. — SALT LAKE CITY (465164),ALPINE REHAB INC.,SALT LAKE CITY,BOX ELDER,UT,84165,36260,R,4,16,<50,SNF-dominant,2011,2011,365,plausible,valid_core_plausible_report_period,4037,11.06027397260274,0.6912671232876713,0.7485756750061927,NA,0.2514243249938073,447.76368590537527,543.8134753529849,-96.04978944760967,-0.21451000264435816,-0.21441540322036354,-96.00743126083725,298.7993559573941,17.216497399058706,0.054479853514308375,349.4951696804558,0.6426747138871491,-34.8110618914764,0.07958460654199234,TRUE,NA,v0.41
465122,ASPEN CARE CENTER — OGDEN (465122),ASPEN CARE CENTER,OGDEN,WEBER,UT,84401,36260,R,4,70,50-99,Mixed SNF/NF,2012,2012,366,plausible,valid_core_plausible_report_period,15771,43.09016393442623,0.6172602739726027,0.06429522541373407,0.7222116543022002,0.2134931202840657,187.07906917760445,203.4496227252552,-16.370553547650758,-0.08750606692461829,-0.08604831034454709,-16.097837803563504,96.49369095174687,11.44340878828229,0.10601923542363283,119.85441633377718,0.5891110277242065,22.22004834501235,0.47582131883715434,TRUE,NA,v0.41
465170,ASPEN RIDGE OF UTAH VALLEY — OREM (465170),ASPEN RIDGE OF UTAH VALLEY,OREM,UTAH,UT,84097,39340,U,4,24,<50,SNF-dominant,2023,2023,365,plausible,valid_core_plausible_report_period,7637,20.923287671232877,0.8718036529680365,0.7365457640434726,NA,0.26345423595652745,611.1672122561215,659.3122954039544,-48.145083147832906,-0.07877563158224002,-0.07366966871230839,-45.024486054733536,329.9817991357863,5.032342542883331,0.015021283930485914,392.755401335603,0.5957046517613712,0.493802788705362,2.24556260174073,TRUE,NA,v0.41
465159,ASPEN RIDGE TRANSITIONAL REHAB — MURRAY (465159),ASPEN RIDGE TRANSITIONAL REHAB,MURRAY,SALT LAKE,UT,84121,41620,U,4,38,<50,SNF-dominant,2023,2023,365,plausible,valid_core_plausible_report_period,11915,32.64383561643836,0.8590483056957462,0.6902224087284935,NA,0.3097775912715065,629.2430549727235,662.8156945027276,-33.57263953000415,-0.05335400885983479,-0.05256974022168393,-33.079143936214855,350.0284515316828,NA,NA,420.50734368443136,0.6344257493780586,-69.91966203263864,1.3980046219471225,TRUE,NA,v0.41
465166,ASPEN RIDGE WEST TRANSITIONAL REHAB — MURRAY (465166),ASPEN RIDGE WEST TRANSITIONAL REHAB,MURRAY,SALT LAKE,UT,84123,41620,U,4,38,<50,SNF-dominant,2023,2023,365,plausible,valid_core_plausible_report_period,12641,34.632876712328766,0.9113914924297044,0.758009651135195,NA,0.241990348864805,638.7108614824776,631.2842338422594,7.426627640218271,0.011627526770064296,0.0123903509858379,7.913851752234792,289.36318329246103,1.606834902302033,0.0055223383916705995,344.36081006249503,0.5454924922907887,54.75797687838092,5.220327716803215,TRUE,NA,v0.41
465172,AVALON CARE CENTER - VA OGDEN LLC — OGDEN (465172),AVALON CARE CENTER - VA OGDEN LLC,OGDEN,WEBER,UT,84404,36260,U,10,120,100-149,SNF-dominant,2023,2024,366,plausible,valid_core_plausible_report_period,42563,116.29234972677595,0.9691029143897997,0.02544463501162982,0.07403143575405868,0.9005239292343115,408.89154899795597,372.2011841270587,36.69036487089727,0.08973128684320318,0.09191243837284487,37.582219298451705,209.0615558113855,14.63959307379649,0.06544263695896567,262.4225735967859,0.7050557192940108,46.11611842672128,23.353201896202116,TRUE,NA,v0.41
465150,AVALON CARE CENTER - VA SALT LAKE II — SALT LAKE CITY (465150),AVALON CARE CENTER - VA SALT LAKE II,SALT LAKE CITY,SALT LAKE,UT,84113,41620,U,10,81,50-99,SNF-dominant,2023,2024,366,plausible,valid_core_plausible_report_period,27310,74.61748633879782,0.9212035350468866,0.01222995239838887,0.02065177590626144,0.9671182716953497,467.6349322592457,417.2927132918345,50.34221896741121,0.1076528195278249,0.10794707742709914,50.479824240205055,214.18227755400952,45.31515928231417,0.17462661610371286,297.18864884657637,0.7121826942583991,50.437781013146065,3.3115702211295837,TRUE,NA,v0.41
465072,AVENUES HEALTHCARE INC. — SALT LAKE CITY (465072),AVENUES HEALTHCARE INC.,SALT LAKE CITY,SALT LAKE,UT,84102,41620,U,11,80,50-99,SNF-dominant,2023,2024,366,plausible,valid_core_plausible_report_period,20733,56.64754098360656,0.708094262295082,0.033376742391356774,0.7607196257174552,0.20590363189118796,380.10770269618484,386.73684464380455,-6.629141947619701,-0.017440167354141528,-0.01689237845069259,-6.420923165967299,187.93739449187285,20.04659238894516,0.09638526835449379,238.19263975305068,0.6159036643442461,1.4158497870161877,4.035185191684713,TRUE,NA,v0.41
465184,BEAVER VALLEY HOSP DBA CASCADES RIVE — MIDVALE (465184),BEAVER VALLEY HOSP DBA CASCADES RIVE,MIDVALE,SALT LAKE,UT,84047,41620,U,11,120,100-149,SNF-dominant,2023,2024,366,plausible,valid_core_plausible_report_period,37533,102.54918032786885,0.8545765027322404,0.08805584419044574,0.6756987184610875,0.23624543734846667,485.3637598912957,488.1413422854555,-2.777582394159822,-0.005722681880455777,-5.879072904785697e-4,-0.2853488929741827,155.78056643487065,NA,NA,181.26041083846215,0.371327718299395,18.19299618277175,1.3041340372357788,TRUE,NA,v0.41
465057,BEAVER VALLEY HOSPITAL (FOUR CORNERS — BLANDING (465057),BEAVER VALLEY HOSPITAL (FOUR CORNERS,BLANDING,SAN JUAN,UT,84511,99946,R,9,104,100-149,SNF-dominant,2023,2023,365,plausible,valid_core_plausible_report_period,16839,46.134246575342466,0.44359852476290834,0.07262901597482035,0.8662628422115327,0.06110814181364689,357.83033434289445,357.8305718866916,-2.3754379714091556e-4,-6.638447731766881e-7,NA,NA,102.57200546350734,NA,NA,117.46647663162895,0.32827400971436604,23.849054079912584,0.6240927654180327,TRUE,NA,v0.41
465158,BEAVER VALLEY HOSPITAL (MEADOW BROOK — SOUTH SALT LAKE (465158),BEAVER VALLEY HOSPITAL (MEADOW BROOK,SOUTH SALT LAKE,SALT LAKE,UT,84115,41620,U,9,41,<50,SNF-dominant,2023,2023,365,plausible,valid_core_plausible_report_period,13182,36.11506849315069,0.8808553291012362,0.04164770141101502,0.7988924290699438,0.15945986951904112,424.2409346077985,424.25292064937037,-0.011986041571844908,-2.8252911480409646e-5,NA,NA,96.80048551054468,NA,NA,110.06668183887119,0.25943647405043396,26.763807147498564,1.2602315514151032,TRUE,NA,v0.41
465006,BEAVER VALLEY HOSPITAL (MT OLYMPUS) — SALT LAKE CITY (465006),BEAVER VALLEY HOSPITAL (MT OLYMPUS),SALT LAKE CITY,SALT LAKE,UT,84109,41620,U,9,100,100-149,SNF-dominant,2023,2023,365,plausible,valid_core_plausible_report_period,28002,76.71780821917808,0.7671780821917809,0.04167559460038569,0.542282694093279,0.41604171130633527,394.86454538961505,395.05096064566817,-0.1864152560531238,-4.720992508182828e-4,NA,NA,132.77294478965788,NA,NA,150.95171773444753,0.3821069501710191,23.96328782919373,0.7898435096266322,TRUE,NA,v0.41
465102,BEAVER VALLEY HOSPITAL (PARKDALE) — PRICE (465102),BEAVER VALLEY HOSPITAL (PARKDALE),PRICE,CARBON,UT,84501,99946,R,9,58,50-99,SNF-dominant,2023,2023,365,plausible,valid_core_plausible_report_period,9939,27.23013698630137,0.4694851204534719,0.2371465942247711,0.5918100412516349,0.17104336452359392,414.064996478519,414.0743535566958,-0.009357078176833511,-2.2598090291277235e-5,NA,NA,137.2652178287554,NA,NA,161.0411510212295,0.3889184385315461,22.246234647921206,1.2023522673812106,TRUE,NA,v0.41
465137,BEAVER VALLEY HOSPITAL (RED CLIFFS) — ST GEORGE (465137),BEAVER VALLEY HOSPITAL (RED CLIFFS),ST GEORGE,WASHINGTON,UT,84790,41100,U,9,124,100-149,SNF-dominant,2023,2023,365,plausible,valid_core_plausible_report_period,26166,71.68767123287671,0.5781263809102961,0.11033402124894902,0.5922189100359245,0.2974470687151265,396.328785446763,396.347091645647,-0.01830619888403362,-4.618942543729766e-5,NA,NA,135.42004891844377,NA,NA,155.96453412825804,0.3935049289265321,15.145777314769191,0.597223012010268,TRUE,NA,v0.41
465111,BEAVER VALLEY HOSPITAL (SANDY) — SANDY (465111),BEAVER VALLEY HOSPITAL (SANDY),SANDY,SALT LAKE,UT,84070,41620,U,9,141,100-149,SNF-dominant,2023,2023,365,plausible,valid_core_plausible_report_period,36217,99.22465753424657,0.7037209754201885,0.05991661374492641,0.6724190297374162,0.26766435651765746,442.0076483419389,442.9691857415026,-0.9615373995637242,-0.00217538633815651,NA,NA,129.8516718668029,NA,NA,147.7313968578292,0.3335026489721539,25.29529767316181,0.7623400411874338,TRUE,NA,v0.41
465117,BEAVER VALLEY HOSPITAL (SO OGDEN) — SO OGDEN (465117),BEAVER VALLEY HOSPITAL (SO OGDEN),SO OGDEN,WEBER,UT,84405,36260,U,9,122,100-149,SNF-dominant,2023,2023,365,plausible,valid_core_plausible_report_period,29193,79.98082191780821,0.6555805075230182,0.07751858322200528,0.7661425684239372,0.15633884835405748,378.08704141403763,378.09050114753535,-0.003459733497720663,-9.150627021801595e-6,NA,NA,130.28421196862263,NA,NA,146.66087760764566,0.38789886855797223,19.531157871695974,1.7803804834544599,TRUE,NA,v0.41
465049,BEAVER VALLEY HOSPITAL (SPRING CREEK — HOLLADAY (465049),BEAVER VALLEY HOSPITAL (SPRING CREEK,HOLLADAY,SALT LAKE,UT,84117,41620,U,9,92,50-99,SNF-dominant,2023,2023,365,plausible,valid_core_plausible_report_period,22387,61.33424657534247,0.6666765932102442,0.13226426050833073,0.6882119086970117,0.1795238307946576,426.29039174520926,426.2978961004154,-0.007504355206151558,-1.76038572566086e-5,NA,NA,135.71545986510029,NA,NA,153.75722517532498,0.36068023460079923,30.749586814356235,1.5684203380688164,TRUE,NA,v0.41
465078,BEAVER VALLEY HOSPITAL DBA HIGHLAND — SALT LAKE CITY (465078),BEAVER VALLEY HOSPITAL DBA HIGHLAND,SALT LAKE CITY,SALT LAKE,UT,84124,41620,U,11,103,100-149,SNF-dominant,2023,2024,366,plausible,valid_core_plausible_report_period,26434,72.22404371584699,0.7012043079208446,0.09635318150866308,0.6418627525156995,0.2617840659756374,558.2391238556405,568.6783309374291,-10.439207081788595,-0.018700242666058933,-0.017446963855165316,-9.739577816448513,227.94541121283197,8.242906862374214,0.03489972293951279,269.117462359083,0.47323319303455863,77.45156658834495,1.4957574643147453,TRUE,NA,v0.41
465090,BEAVER VALLEY HOSPITAL DBA ORCHARD P — OREM (465090),BEAVER VALLEY HOSPITAL DBA ORCHARD P,OREM,UTAH,UT,84057,39340,U,11,52,50-99,SNF-dominant,2023,2024,366,plausible,valid_core_plausible_report_period,15799,43.166666666666664,0.8301282051282052,0.03114121146908032,0.7025128172669156,0.26634597126400406,380.84935755427557,383.1888094183176,-2.3394518640420188,-0.006142722358954297,-2.3782461772310268e-4,-0.09057535287043483,123.75087030824736,NA,NA,145.8340401291221,0.38058011232243144,16.32514767096135,0.5951517201358391,TRUE,NA,v0.41
465152,BELLA TERRA ST. GEORGE NURSING — ST. GEORGE (465152),BELLA TERRA ST. GEORGE NURSING,ST. GEORGE,WASHINGTON,UT,84790,41100,U,8,173,150+,SNF-dominant,2023,2024,366,plausible,valid_core_plausible_report_period,23202,63.39344262295082,0.3656391830559758,0.03331609344022067,NA,0.9666839065597793,329.7231704163434,322.2438582880786,7.47931212826478,0.022683610978326555,0.06962058822491382,22.95552107576933,117.32398069131972,NA,NA,131.91763641065427,0.4093720734088372,75.27794661335975,2.515611806177797,TRUE,NA,v0.41
465149,CAPITOL HILL SENIOR LIVING — SALT LAKE CITY (465149),CAPITOL HILL SENIOR LIVING,SALT LAKE CITY,SALT LAKE,UT,84102,41620,U,6,172,150+,Mixed SNF/NF,2020,2020,366,plausible,valid_core_plausible_report_period,21822,59.622950819672134,0.34734580183048147,0.0037576757400788197,0.0010998075336816058,0.9951425167262395,169.50742370085234,287.28750801942994,-117.7800843185776,-0.6948373218534459,-0.6919257170401334,-117.28654568783796,118.18270552653286,2.002520392264687,0.01666195139174326,141.55581523233434,0.49273223262725574,-0.08949771485557619,1.534130227805773,TRUE,NA,v0.41
465100,CARDIFF HEALTHCARE INC. — SALT LAKE CITY (465100),CARDIFF HEALTHCARE INC.,SALT LAKE CITY,SALT LAKE,UT,84107-1867,41620,U,11,85,50-99,SNF-dominant,2023,2024,366,plausible,valid_core_plausible_report_period,20773,56.756830601092894,0.667727418836387,0.03807827468348337,0.7814952101285322,0.18042651518798442,414.5130217108747,359.63852115727144,54.87450055360324,0.13238305597038283,0.1324437945021525,54.899677465941366,203.90839069946566,NA,NA,233.3040003851153,0.6487180506536742,1.5668768323911948,9.758548225371992,TRUE,NA,v0.41
465143,CEDAR CITY HEALTHCARE LLC — CEDAR CITY (465143),CEDAR CITY HEALTHCARE LLC,CEDAR CITY,IRON,UT,84721,99946,R,11,120,100-149,SNF-dominant,2023,2024,366,plausible,valid_core_plausible_report_period,25271,69.0464480874317,0.5753870673952641,0.08614617545803491,0.6839064540382256,0.22994737050373945,376.85734636539905,342.6552965850184,34.20204978038066,0.09075595874736785,0.09142115103571542,34.45273238099007,174.22401171303073,NA,NA,206.729888013929,0.6033173573391297,2.527184942977688,9.001471260742726,TRUE,NA,v0.41
465181,CENTRAL UTAH VETERANS HOME - PAYSON — PAYSON (465181),CENTRAL UTAH VETERANS HOME - PAYSON,PAYSON,UTAH,UT,84651,39340,U,10,108,100-149,SNF-dominant,2023,2024,366,plausible,valid_core_plausible_report_period,37737,103.10655737704919,0.9546903460837887,0.04102074886715955,0.03611839838884914,0.9228608527439913,450.28105042796193,419.1021808834831,31.178869544478857,0.06924313051780764,0.07011376241035916,31.570898587593078,234.74841667329147,21.651429631396244,0.0844440039393284,294.6427113973024,0.7030331142066227,44.5345702003312,2.0642956852681205,TRUE,NA,v0.41
465179,COUNTRY LIFE CARE CENTER — RIVERTON (465179),COUNTRY LIFE CARE CENTER,RIVERTON,SALT LAKE,UT,84065,41620,U,4,64,50-99,SNF-dominant,2023,2023,365,plausible,valid_core_plausible_report_period,21175,58.013698630136986,0.9064640410958904,0.025926800472255016,0.849775678866588,0.12429752066115703,876.507012987013,1013.257945690673,-136.75093270365994,-0.1560180702235707,-0.15512448359475164,-135.96769775678865,352.15971664698935,NA,NA,495.7327036599764,0.4892463027487706,0.010207060237548585,-0.1373966210632562,TRUE,NA,v0.41
465134,COUNTRY VIEW MANOR — PROVO (465134),COUNTRY VIEW MANOR,PROVO,UTAH,UT,84601,39340,U,4,50,50-99,SNF-dominant,2011,2011,365,plausible,valid_core_plausible_report_period,13100,35.89041095890411,0.7178082191780822,0.018244274809160306,0.873587786259542,0.10816793893129771,157.1047328244275,153.10335877862596,4.001374045801526,0.02546946851227751,0.017084436307378947,2.6840458015267177,72.94977099236641,NA,NA,83.74847328244275,0.5470061137165234,19.88501256946612,2.3355969630953157,TRUE,NA,v0.41
465083,CRESTWOOD REHABILITATION AND NURSING — OGDEN (465083),CRESTWOOD REHABILITATION AND NURSING,OGDEN,WEBER,UT,84403,36260,U,9,88,50-99,SNF-dominant,2023,2023,365,plausible,valid_core_plausible_report_period,20030,54.87671232876713,0.6235990037359901,0.037793310034947576,NA,0.9622066899650524,317.3448327508737,279.6770344483275,37.6677983025462,0.11869674377876718,0.1218714882928543,38.67528706939591,118.54148776834748,NA,NA,132.918821767349,0.47525826362373974,29.29379351512898,4.21725993006366,TRUE,NA,v0.41
465009,DE MOISY HEALTHCARE LLC — WEST COLUMBIA (465009),DE MOISY HEALTHCARE LLC,WEST COLUMBIA,WEBER,UT,84403,36260,U,11,63,50-99,SNF-dominant,2023,2024,366,plausible,valid_core_plausible_report_period,15819,43.221311475409834,0.6860525631017435,0.07035842973639295,0.5305645110310386,0.3990770592325684,375.36601555091977,403.4253113344712,-28.05929578355142,-0.07475182787224136,-0.07434191968056128,-27.905430178898794,209.9917820342626,6.299702888931033,0.029125986587812708,251.5545862570327,0.6235468603219946,3.286368625705818,1.0324210593113623,TRUE,NA,v0.41
465142,DESERET CARE CENTER — SALT LAKE CITY (465142),DESERET CARE CENTER,SALT LAKE CITY,SALT LAKE,UT,84106,41620,U,4,65,50-99,SNF-dominant,2013,2013,365,plausible,valid_core_plausible_report_period,10823,29.65205479452055,0.4561854583772392,0.052573223690289196,0.8084634574517232,0.13896331885798763,191.47740922110322,231.75884690012012,-40.2814376790169,-0.21037175008203207,-0.21006051072207532,-40.22184237272475,94.25695278573409,NA,NA,109.86279220179247,0.47403925964966276,0.11379302371382348,0.35909360082905534,TRUE,NA,v0.41
465065,DESERET HEALTH AND REHAB — OGDEN (465065),DESERET HEALTH AND REHAB,OGDEN,WEBER,UT,84404,36260,U,4,85,50-99,SNF-dominant,2013,2013,365,plausible,valid_core_plausible_report_period,14461,39.61917808219178,0.46610797743755034,0.078763570984026,0.7410275914528732,0.18020883756310074,228.5455362699675,245.7011963211396,-17.155660051172106,-0.07506451594358482,-0.07483940227479782,-17.104211327017495,108.6297628103174,NA,NA,127.07205587442085,0.5171812664205895,0.08988667594498864,0.48938068622328196,TRUE,NA,v0.41
465055,DESERET HEALTH AND REHAB — SALT LAKE CITY (465055),DESERET HEALTH AND REHAB,SALT LAKE CITY,SALT LAKE,UT,84102,41620,U,4,110,100-149,SNF-dominant,2013,2013,334,plausible,valid_core_plausible_report_period,22364,66.95808383233533,0.6087098530212303,0.09063673761402254,0.6355303165802182,0.27383294580575923,208.55347880522268,242.70403326775175,-34.15055446252907,-0.16374962747288324,-0.1634473176975573,-34.087506707208014,104.89433911643714,NA,NA,120.3448399213021,0.49585018551602456,0.04424343932468077,0.6183032274792003,TRUE,NA,v0.41
465110,DESERET HEALTH AND REHAB — SANDY (465110),DESERET HEALTH AND REHAB,SANDY,SALT LAKE,UT,84102,41620,U,4,108,100-149,SNF-dominant,2013,2013,334,plausible,valid_core_plausible_report_period,21316,63.82035928143713,0.5909292526058993,0.10625820979545882,0.66635391255395,0.2273878776505911,228.28105648339275,245.98386188778383,-17.702805404391086,-0.0775482892759388,-0.07652733568308845,-17.46974103959467,107.6472133608557,NA,NA,124.07975229874273,0.504422328141783,-1.4963584641392442,0.5960324743558137,TRUE,NA,v0.41
465174,FAIRFIELD VILLAGE OF LAYTON — LAYTON (465174),FAIRFIELD VILLAGE OF LAYTON,LAYTON,DAVIS,UT,84041,36260,U,4,40,<50,SNF-dominant,2023,2023,365,plausible,valid_core_plausible_report_period,11542,31.621917808219177,0.7905479452054794,0.692600935713048,NA,0.307399064286952,1331.642956160111,1306.5545832611333,25.088372898977696,0.018840164912764447,0.07936135634092858,105.6809911627101,661.7547218852885,100.63221278807832,0.1319962452284058,793.9531277075031,0.6076693143012919,9.189446954238765,1.4400089976529706,TRUE,NA,v0.41
465128,HILLSIDE REHABILITATION CENTER — SALT LAKE CITY (465128),HILLSIDE REHABILITATION CENTER,SALT LAKE CITY,SALT LAKE,UT,84105,41620,U,2,82,50-99,SNF-dominant,2017,2018,337,plausible,valid_core_plausible_report_period,17581,52.16913946587537,0.636209017876529,0.05699334508844776,0.6145270462431034,0.3284796086684489,288.1757010408964,265.7377282293385,22.437972811557927,0.07786212623240447,0.08581093897324282,24.728627495591834,3.4127751549968717e-4,112.28377225413799,0.9999969605894835,112.2841704112394,0.4225375567083018,76.92355629947762,1.2462184260021192,TRUE,NA,v0.41
465104,HUENEME HEALTHCARE INC. — OREM (465104),HUENEME HEALTHCARE INC.,OREM,UTAH,UT,84097-7707,39340,U,11,114,100-149,SNF-dominant,2023,2024,366,plausible,valid_core_plausible_report_period,26597,72.66939890710383,0.6374508676061739,0.03586870699702974,0.7052675113734632,0.2588637816295071,383.73778997631314,347.8656239425499,35.87216603376322,0.09348093143491934,0.09374273118671907,35.97262849193518,194.65447230890703,0.2642027296311614,0.0013554510853253275,225.68372372824004,0.6487669611341411,4.842521472232172,11.028705089305694,TRUE,NA,v0.41
465108,JORDAN HEALTH ASSOCIATES INC. — WEST JORDAN (465108),JORDAN HEALTH ASSOCIATES INC.,WEST JORDAN,SALT LAKE,UT,84088,41620,U,11,110,100-149,SNF-dominant,2023,2024,366,plausible,valid_core_plausible_report_period,31649,86.47267759562841,0.7861152508693492,0.06297197383803596,0.6141426269392398,0.32288539922272425,424.66896268444503,369.93092988720025,54.738032797244784,0.12889576966310692,0.1291197221976693,54.83313848778793,191.61578564883567,7.0385478214161585,0.03543113154624523,228.28241018673575,0.617094683746352,0.9467966365401133,13.580936540613862,TRUE,NA,v0.41
465171,LEGACY VILLAGE OF TAYLORSVILLE — TAYLORSVILLE (465171),LEGACY VILLAGE OF TAYLORSVILLE,TAYLORSVILLE,SALT LAKE,UT,84118,41620,U,4,40,<50,SNF-dominant,2023,2023,365,plausible,valid_core_plausible_report_period,13229,36.24383561643835,0.906095890410959,0.6391261622193666,NA,0.3608738377806335,627.0370398367223,672.3284450827726,-45.29140524605032,-0.072230829071667,0.10037609072277001,62.939526797187995,340.0789931211732,NA,NA,390.18315821301684,0.5803460511996931,77.38297951043108,4.389830362537114,TRUE,NA,v0.41
465112,LIFE CARE CENTER OF BOUNTIFUL — BOUNTIFUL (465112),LIFE CARE CENTER OF BOUNTIFUL,BOUNTIFUL,DAVIS,UT,84010,36260,U,6,100,100-149,SNF-dominant,2023,2023,365,plausible,valid_core_plausible_report_period,16211,44.413698630136984,0.4441369863013699,0.16945284066374683,0.5123064585775091,0.31824070075874406,331.3407562766023,404.6271050521251,-73.28634877552281,-0.22118120812866005,-0.2105150180633787,-69.75220529270248,199.20313367466534,43.80482388501635,0.18026086192777482,274.42958484979334,0.6782283772473439,0.11685502202179769,0.7331743000002664,TRUE,NA,v0.41
465139,LIFE CARE CENTER OF SALT LAKE CITY — SALT LAKE CITY (465139),LIFE CARE CENTER OF SALT LAKE CITY,SALT LAKE CITY,SALT LAKE,UT,84117,41620,U,6,120,100-149,SNF-dominant,2022,2023,365,plausible,valid_core_plausible_report_period,19570,53.61643835616438,0.44680365296803654,0.22733776188042923,0.21165048543689322,0.5610117526826776,357.41446090955543,390.61507409299946,-33.200613183444034,-0.09289107412988962,-0.09002200411431617,-32.1751660705161,185.9253960143076,44.14905467552376,0.19189029700234778,263.1214103219213,0.6736079270183928,10.599717150094245,1.7846064907366017,TRUE,NA,v0.41
465186,MAPLE SPRINGS OF NORTH LOGAN — NORTH LOGAN (465186),MAPLE SPRINGS OF NORTH LOGAN,NORTH LOGAN,CACHE,UT,84341,30860,U,5,180,150+,Mixed SNF/NF,2023,2023,365,plausible,valid_core_plausible_report_period,36630,100.35616438356165,0.5575342465753425,0.13232323232323231,NA,0.8676767676767677,229.36857766857767,242.82246792246792,-13.45389025389025,-0.05865620474540427,0.14425732384279458,33.08809718809719,117.17286377286378,NA,NA,130.37895167895167,0.536931169485441,104.33070754156432,9.911795320702204,TRUE,NA,v0.41
465192,MEADOW PEAK REHABILITATION — TAYLORSVILLE (465192),MEADOW PEAK REHABILITATION,TAYLORSVILLE,SALT LAKE,UT,84129,41620,U,4,75,50-99,SNF-dominant,2023,2023,365,plausible,valid_core_plausible_report_period,22705,62.205479452054796,0.8294063926940639,0.18185421713279012,0.4243558687513764,0.39378991411583353,366.4656243118256,335.5165822506056,30.949042061219984,0.08445278358464928,0.09714741793923085,35.601189165382074,8.808632459810615e-5,178.60004404316228,0.9999995067958598,178.60017617264918,0.532314006582388,34.8309640026968,3.0906552685374464,TRUE,NA,v0.41
465124,MIDTOWN MANOR — SALT LAKE CITY (465124),MIDTOWN MANOR,SALT LAKE CITY,SALT LAKE,UT,84104,41620,U,4,82,50-99,SNF-dominant,2022,2022,365,plausible,valid_core_plausible_report_period,28387,77.77260273972603,0.9484463748747076,0.014090957128262938,0.5960474865255222,0.38986155634621483,298.865255222461,315.9472293655547,-17.081974143093703,-0.057156105785460626,-0.04718944898848264,-14.103286715750167,172.35326029520556,NA,NA,191.97844083559374,0.6076281827857792,2.217968212894621,0.9373061802554148,TRUE,NA,v0.41
465157,MILLARD COUNTY CARE & REHABILITATION — DELTA (465157),MILLARD COUNTY CARE & REHABILITATION,DELTA,MILLARD,UT,84624,99946,R,8,60,50-99,SNF-dominant,2023,2023,365,plausible,valid_core_plausible_report_period,17062,46.74520547945205,0.7790867579908676,0.09735083811979839,0.5530418473801431,0.3496073145000586,299.1691478138554,326.8912202555386,-27.722072441683224,-0.09266354048958315,-0.0857844097590639,-25.664048763333724,137.586332200211,10.14142538975501,0.06864942347465673,198.10555620677528,0.6060289904755211,92.28212588692473,9.52761785745066,TRUE,NA,v0.41
465185,MILLCREEK REHABILITATION AND NURSING — SALT LAKE CITY (465185),MILLCREEK REHABILITATION AND NURSING,SALT LAKE CITY,SALT LAKE,UT,84106,41620,U,9,61,50-99,SNF-dominant,2023,2023,365,plausible,valid_core_plausible_report_period,21104,57.81917808219178,0.9478553783965866,0.038855193328279,NA,0.961144806671721,359.5779473085671,302.16598749052315,57.411959818043954,0.15966485221847226,0.1625982255068272,58.46673616376042,108.17418498862774,NA,NA,121.31292645943897,0.40147776878178165,26.01083424247257,3.975288538953489,TRUE,NA,v0.41
465088,MISSION AT ALPINE REHABILITATION — PLEASANT GROVE (465088),MISSION AT ALPINE REHABILITATION,PLEASANT GROVE,UTAH,UT,84062,39340,U,2,45,<50,SNF-dominant,2023,2024,366,plausible,valid_core_plausible_report_period,13134,35.885245901639344,0.7974499089253188,0.03197807217907721,0.7348865539820314,0.23313537383889144,333.932084665753,317.24988579259934,16.682198873153652,0.04995686140746726,0.07823658006723419,26.12570427897061,4.5682960255824577e-4,129.54621592812546,0.9999964736292115,129.54674889599514,0.40834293311829817,109.09720790254298,14.731320692817572,TRUE,NA,v0.41
465175,MISSION AT COMMUNITY LIVING & REHAB — CENTERFIELD (465175),MISSION AT COMMUNITY LIVING & REHAB,CENTERFIELD,SANPETE,UT,84622,99946,R,13,46,<50,SNF-dominant,2023,2024,366,plausible,valid_core_plausible_report_period,11578,31.633879781420767,0.6876930387265384,0.1343928139575056,0.6673000518224218,0.19830713422007254,401.6294696838832,375.5121782691311,26.117291414752117,0.06502832432916006,0.09005979700073075,36.170668509241665,0.0010364484366902746,139.31369839350492,0.9999925603818012,139.31482121264466,0.37099947558237956,138.36651685496633,1.7626210537356222,TRUE,NA,v0.41
465086,MOUNTAIN VIEW HEALTH SERVICES — SOUTH OGDEN (465086),MOUNTAIN VIEW HEALTH SERVICES,SOUTH OGDEN,WEBER,UT,84403,36260,U,6,155,150+,SNF-dominant,2023,2023,365,plausible,valid_core_plausible_report_period,14372,39.37534246575343,0.25403446752098985,0.02240467575841915,0.9417617589757863,0.0358335652657946,206.573754522683,259.42040077929306,-52.84664625661006,-0.25582459097342497,-0.25579831842197626,-52.84121903701642,126.66928750347898,NA,NA,143.9613136654606,0.554934435507015,17.190602377970116,0.5932248902043155,TRUE,NA,v0.41
465165,MSM BRIGHAM CITY — BRIGHAM CITY (465165),MSM BRIGHAM CITY,BRIGHAM CITY,BOX ELDER,UT,84032,36260,U,6,41,<50,SNF-dominant,2023,2024,366,plausible,valid_core_plausible_report_period,11800,32.240437158469945,0.7863521258163402,0.1716101694915254,0.4646610169491525,0.363728813559322,372.8115254237288,370.10686440677966,2.70466101694916,0.007254767711044068,0.015644975331743943,5.8326271186440675,199.2742372881356,NA,NA,222.30381355932204,0.6006476370429887,69.58922812261507,3.7297675825673853,TRUE,NA,v0.41
465109,OLYMPUS HEALTH INC. — SALT LAKE CITY (465109),OLYMPUS HEALTH INC.,SALT LAKE CITY,SALT LAKE,UT,84117-5464,41620,U,11,105,100-149,SNF-dominant,2023,2024,366,plausible,valid_core_plausible_report_period,30741,83.99180327868852,0.7999219359875097,0.06736931134315735,0.5086692039946651,0.42396148466217753,411.57720958979866,363.12611821346087,48.451091376337786,0.11772054002850867,0.11784510241027418,48.5023584138447,188.4784164470902,3.2028235906444165,0.016709113474088044,218.34130314563612,0.6012822878724627,1.734284045486551,15.808714700929869,TRUE,NA,v0.41
465085,P — FERRON (465085),P,FERRON,EMERY,UT,84523,99946,R,8,51,50-99,SNF-dominant,2023,2023,365,plausible,valid_core_plausible_report_period,12455,34.12328767123287,0.6690840719849583,0.17784022480931352,0.6201525491770373,0.20200722601364915,355.1162585307106,354.33946206342836,0.7767964672822245,0.0021874426997406495,0.031727528067659466,11.266961059815335,143.0115616218386,NA,NA,178.25427539140907,0.5030607495800193,56.827894921213115,-13.57414369013396,TRUE,NA,v0.41
465129,PARKWAY HEALTH CENTER — PAYSON (465129),PARKWAY HEALTH CENTER,PAYSON,UTAH,UT,84651,39340,U,4,76,50-99,SNF-dominant,2023,2023,365,plausible,valid_core_plausible_report_period,15680,42.95890410958904,0.5652487382840663,0.05338010204081633,0.6746173469387755,0.27200255102040816,394.7424107142857,410.01651785714284,-15.274107142857133,-0.03869385890210954,-0.09911219874882887,-39.123788265306125,145.06294642857142,NA,NA,170.5596301020408,0.4159823389394933,1.107707208784365,0.2974836597731281,TRUE,NA,v0.41
465155,PINE VIEW TRANSITIONAL REHAB — OGDEN (465155),PINE VIEW TRANSITIONAL REHAB,OGDEN,WEBER,UT,84405,36260,U,4,30,<50,SNF-dominant,2023,2023,365,plausible,valid_core_plausible_report_period,9012,24.69041095890411,0.823013698630137,0.7785175321793165,NA,0.22148246782068354,609.9481802041722,666.372614292055,-56.42443408788279,-0.09250693078385032,-0.0917803332197532,-55.981247225920995,334.1039724811363,0.1814247669773635,5.427241766193761e-4,385.2148246782068,0.5780772144837519,-43.42037350029557,0.3586865889766514,TRUE,NA,v0.41
465188,POINTE MEADOW HEALTHCARE INC. — LEHI (465188),POINTE MEADOW HEALTHCARE INC.,LEHI,UTAH,UT,84043,39340,U,11,99,50-99,SNF-dominant,2023,2024,366,plausible,valid_core_plausible_report_period,30553,83.47814207650273,0.8432135563283104,0.13448761169115964,0.5530717114522306,0.3124406768566098,444.9491702942428,417.12355578830227,27.825614505940507,0.06253661398568189,0.06262459053389996,27.864759598075477,212.56603279547016,0.7237914443753477,0.0033934644887767384,246.11334402513666,0.5900250432033707,2.235480654368641,0.25828511813977434,TRUE,NA,v0.41
465098,PRICE HEALTHCARE INC. — PRICE (465098),PRICE HEALTHCARE INC.,PRICE,CARBON,UT,84501,99946,R,11,80,50-99,SNF-dominant,2023,2024,366,plausible,valid_core_plausible_report_period,19747,53.95355191256831,0.6744193989071038,0.2522408467108928,0.5482858155669216,0.19947333772218565,432.31645313212135,338.57826505291945,93.7381880792019,0.21682771358820882,0.21694204009322765,93.78761330835063,177.43885147110953,0.5053932242872335,0.0028401774114827976,203.31706081936497,0.6005024001986268,8.57331326125633,21.46779072641813,TRUE,NA,v0.41
465160,RED CLIFFS HEALTHCARE INC. — SAINT GEORGE (465160),RED CLIFFS HEALTHCARE INC.,SAINT GEORGE,WASHINGTON,UT,84790,41100,U,4,60,50-99,SNF-dominant,2023,2023,365,plausible,valid_core_plausible_report_period,14825,40.61643835616438,0.6769406392694064,0.4321753794266442,0.14772344013490726,0.4201011804384486,645.4049915682969,619.3005733558178,26.104418212479004,0.04044657006610174,0.041751422874837914,26.946576728499156,344.91885328836423,1.7223608768971332,0.004968713489665994,400.1164249578415,0.6460779178512974,0.06917448405866336,2.721262281975215,TRUE,NA,v0.41
465119,RIVERVIEW HEALTHCARE INC. — PROVO (465119),RIVERVIEW HEALTHCARE INC.,PROVO,UTAH,UT,85604,39340,U,11,200,150+,SNF-dominant,2023,2024,366,plausible,valid_core_plausible_report_period,40608,110.95081967213115,0.5547540983606557,0.042774822695035464,0.7278368794326241,0.2293882978723404,411.7326635145784,393.9690947596533,17.76356875492513,0.04314345284946327,0.043345729931984184,17.84685283687943,196.16432722616233,4.49394208037825,0.022395997413458043,227.5906964144996,0.577686675025473,2.0547368260509224,13.722223653391143,TRUE,NA,v0.41
465067,RMC - CLEARFIELD — CLEARFIELD (465067),RMC - CLEARFIELD,CLEARFIELD,DAVIS,UT,84015,36260,U,2,168,150+,SNF-dominant,2023,2024,366,plausible,valid_core_plausible_report_period,42079,114.96994535519126,0.6843449128285194,0.039996197628270634,0.6636326908909432,0.29637111148078615,368.0615984220157,443.01371230304903,-74.95211388103331,-0.20364013578806978,-0.0790624073456139,-29.09983602271917,149.53613441384064,NA,NA,166.78694835903895,0.3764825867171946,-134.74864343536657,0.9683599285318218,TRUE,NA,v0.41
465125,RMC - COTTAGE ON VINE — MURRAY (465125),RMC - COTTAGE ON VINE,MURRAY,SALT LAKE,UT,84107,41620,U,2,61,50-99,SNF-dominant,2023,2024,366,plausible,valid_core_plausible_report_period,18529,50.62568306010929,0.8299292304935949,0.026552971018403582,0.7916779103027687,0.18176911867882778,314.60283879324305,472.01117167683094,-157.4083328835879,-0.5003398363707603,-0.03035934479684956,-9.551136056991743,96.42187921636354,NA,NA,109.14846996599924,0.2312412851972268,247.11272522709226,4.471668185504045,TRUE,NA,v0.41
465116,RMC - LOGAN — LOGAN (465116),RMC - LOGAN,LOGAN,CACHE,UT,84341,30860,U,2,112,100-149,SNF-dominant,2023,2024,366,plausible,valid_core_plausible_report_period,24929,68.1120218579235,0.6081430523028883,0.043082353885033495,0.6997472822816799,0.2571703638332865,324.3190661478599,373.9823097597176,-49.663243611857695,-0.15313081713554197,0.19457287923858527,63.1036944923583,146.77303542059448,NA,NA,166.44827309559147,0.44506991039906124,-7.8036120328156,2.0520727275179187,TRUE,NA,v0.41
465168,ROCKY MOUNTAIN - RIVERTON — RIVERTON (465168),ROCKY MOUNTAIN - RIVERTON,RIVERTON,SALT LAKE,UT,84065-,41620,U,2,40,<50,SNF-dominant,2023,2024,366,plausible,valid_core_plausible_report_period,12870,35.16393442622951,0.8790983606557377,0.18484848484848485,0.05547785547785548,0.7596736596736596,481.3058275058275,557.7718725718726,-76.46604506604507,-0.1588720532687073,0.005114614702362099,2.4616938616938615,157.8189588189588,NA,NA,175.95042735042736,0.31545231303816773,211.9940778912211,5.825252582731858,TRUE,NA,v0.41
465075,ROCKY MOUNTAIN CARE - HUNTER HOLLOW — WEST VALLEY CITY (465075),ROCKY MOUNTAIN CARE - HUNTER HOLLOW,WEST VALLEY CITY,SALT LAKE,UT,84120,41620,U,2,120,100-149,SNF-dominant,2023,2024,366,plausible,valid_core_plausible_report_period,37774,103.20765027322405,0.860063752276867,0.054428972308995606,0.6602954413088368,0.2852755863821676,416.93384338433845,470.3549266691375,-53.42108328479907,-0.12812844083648633,0.06863573708451934,28.616561656165615,188.20482342351883,NA,NA,211.4545189813099,0.4495637379175443,-12.513249058503185,2.630473477162518,TRUE,NA,v0.41
465147,ROCKY MOUNTAIN CARE - THE LODGE — HEBER CITY (465147),ROCKY MOUNTAIN CARE - THE LODGE,HEBER CITY,WASATCH,UT,84032,99946,R,2,92,50-99,SNF-dominant,2023,2024,366,plausible,valid_core_plausible_report_period,28443,77.71311475409836,0.8447077690662865,0.08785993038708997,0.6055971592307422,0.30654291038216785,349.41141932988785,409.46310164188026,-60.05168231199241,-0.17186525393806934,-0.06925514189586982,-24.19853742572865,157.18774390887037,NA,NA,175.35678374292445,0.4282602828918463,-32.07775151015009,1.33194964696201,TRUE,NA,v0.41
465089,ROCKY MOUNTAIN CARE - WILLOW SPRINGS — TOOELE (465089),ROCKY MOUNTAIN CARE - WILLOW SPRINGS,TOOELE,TOOELE,UT,84032,41620,U,2,112,100-149,SNF-dominant,2023,2024,366,plausible,valid_core_plausible_report_period,36018,98.40983606557377,0.8786592505854801,0.11172191681936809,0.6543950247098673,0.23388305847076463,378.59803431617524,411.8025987006497,-33.20456438447445,-0.08770400629376907,0.2546703133919179,96.41768004886445,154.54114609361986,NA,NA,172.05186295741018,0.41780179022735914,-66.07886083256373,2.7690505073544087,TRUE,NA,v0.41
465064,SAND HOLLOW HEALTHCARE LLC — ST. GEORGE (465064),SAND HOLLOW HEALTHCARE LLC,ST. GEORGE,WASHINGTON,UT,84770,41100,U,11,99,50-99,SNF-dominant,2023,2024,366,plausible,valid_core_plausible_report_period,33858,92.50819672131148,0.9344262295081968,0.07752968279284068,0.7098470080926221,0.2126233091145372,370.6304270777955,334.68273377045307,35.94769330734243,0.09699066962949858,0.09697481154580058,35.9418158190088,177.67133321519287,0.0354421407052986,1.9944169621173794e-4,205.76401441313723,0.6148031961345918,0.7318586604219953,11.861752113403599,TRUE,NA,v0.41
465097,SANDSTONE AMERICAN FORK — AMERICAN FORK (465097),SANDSTONE AMERICAN FORK,AMERICAN FORK,UTAH,UT,84003,39340,U,4,106,100-149,SNF-dominant,2023,2024,366,plausible,valid_core_plausible_report_period,24246,66.24590163934427,0.6249613362202289,0.038150622783139486,0.7229646127196239,0.23888476449723667,333.76070279633757,347.02577744782644,-13.265074651488874,-0.039744267495695325,-0.028389733430115954,-9.475377381836179,124.73113090819105,59.426420852924196,0.32269336926248193,207.22692402870575,0.5971513861383432,57.646089541141436,1.1408968825758221,TRUE,NA,v0.41
465156,SANDSTONE BOUNTIFUL — BOUNTIFUL (465156),SANDSTONE BOUNTIFUL,BOUNTIFUL,DAVIS,UT,84010,36260,U,4,122,100-149,SNF-dominant,2023,2024,366,plausible,valid_core_plausible_report_period,20403,55.74590163934426,0.4569336199946251,0.1582610400431309,0.537077880703818,0.304661079253051,414.98064010194577,407.8338969759349,7.146743126010847,0.017221871179954766,0.02666481631303259,11.065382541783071,139.20869479978435,74.26687251874725,0.34789401640484696,234.36180953781306,0.5746501486894359,38.85121382135756,1.008604119475522,TRUE,NA,v0.41
465093,SANDSTONE BRIGHAM CITY — BRIGHAM CITY (465093),SANDSTONE BRIGHAM CITY,BRIGHAM CITY,BOX ELDER,UT,84302,36260,U,4,84,50-99,SNF-dominant,2023,2024,366,plausible,valid_core_plausible_report_period,12892,35.224043715846996,0.41933385376008325,0.04987589202606268,0.8384269314303444,0.11169717654359293,390.8538628606888,410.36425690350603,-19.51039404281721,-0.04991736271971117,-0.042116633669968456,-16.461448960595717,162.09494260006204,15.978591374495812,0.08973029858990018,202.77885510394043,0.49414356073322024,67.02911642487094,1.0996411835533446,TRUE,NA,v0.41
465096,SANDSTONE CANYON RIM — SALT LAKE CITY (465096),SANDSTONE CANYON RIM,SALT LAKE CITY,SALT LAKE,UT,84109,41620,U,4,90,50-99,SNF-dominant,2023,2024,366,plausible,valid_core_plausible_report_period,15003,40.99180327868852,0.45546448087431696,0.020395920815836834,0.90941811637672465,0.07018596280743851,406.5091648336999,348.1021129107512,58.40705192294871,0.14367954520002682,0.16111641902736856,65.49530093981204,120.49836699326801,58.272878757581815,0.32596337578133594,198.3605945477571,0.5698345031264265,114.57395813866566,1.1684814964438728,TRUE,NA,v0.41
465074,SANDSTONE HOLLADAY — SALT LAKE CITY (465074),SANDSTONE HOLLADAY,SALT LAKE CITY,SALT LAKE,UT,84117,41620,U,4,77,50-99,SNF-dominant,2023,2024,366,plausible,valid_core_plausible_report_period,21287,58.16120218579235,0.7553402881271734,0.012871705735895148,0.9339502983041292,0.05317799595997557,401.4936346126744,316.5407525719923,84.95288204068208,0.21159210188384964,0.22420355708910975,90.01630102879692,117.20702776342368,62.266688589279845,0.3469404314719417,196.23483816413773,0.619935463505626,143.46908990423708,1.5239466206042394,TRUE,NA,v0.41
465094,SANDSTONE MILLCREEK — SALT LAKE CITY (465094),SANDSTONE MILLCREEK,SALT LAKE CITY,SALT LAKE,UT,84106,41620,U,4,184,150+,SNF-dominant,2023,2024,366,plausible,valid_core_plausible_report_period,39137,106.93169398907104,0.5811505108101687,0.026343357947722103,0.6908807522293482,0.2827758898229297,394.96760099138925,381.9680098116871,12.999591179702122,0.03291305703827965,0.04627927809092689,18.278815443186755,149.29337966630044,38.65998926846718,0.205689259456077,208.98520581546873,0.5471275092343463,67.24156051856562,1.2305883976583025,TRUE,NA,v0.41
465107,SANDSTONE NEPHI — NEPHI (465107),SANDSTONE NEPHI,NEPHI,JUAB,UT,84648,39340,U,4,80,50-99,SNF-dominant,2023,2024,366,plausible,valid_core_plausible_report_period,13928,38.05464480874317,0.4756830601092896,0.07359276278001149,0.6972286042504308,0.22917863296955773,372.2459793222286,362.2754164273406,9.970562894888019,0.026784877335792906,0.033234502980147906,12.371410109132682,121.4597214244687,60.859419873635844,0.3338070782931477,201.7947300402068,0.5570202141515709,54.02436019701247,1.0594383841662514,TRUE,NA,v0.41
465163,SANDSTONE NORTH PARK — BOUNTIFUL (465163),SANDSTONE NORTH PARK,BOUNTIFUL,DAVIS,UT,84010,36260,U,4,102,100-149,SNF-dominant,2023,2024,366,plausible,valid_core_plausible_report_period,15066,41.16393442622951,0.40356798457087756,0.07998141510686313,0.7507633081109784,0.16925527678215851,381.9944909066773,411.7552767821585,-29.76078587548119,-0.07790894000812146,-0.06655350383979229,-25.42307181733705,158.5578122925793,33.52668259657507,0.1745413268047596,216.56292313819196,0.5259505714914391,62.12673158158171,1.0444830587850045,TRUE,NA,v0.41
465020,SANDSTONE PIONEER TRAIL — BRIGHAM CITY (465020),SANDSTONE PIONEER TRAIL,BRIGHAM CITY,BOX ELDER,UT,84302,36260,U,4,72,50-99,SNF-dominant,2023,2024,366,plausible,valid_core_plausible_report_period,13089,35.76229508196721,0.4966985428051002,0.06112002444800978,0.6008862403544961,0.3379937351974941,354.65719306287724,372.52509741003894,-17.867904347161698,-0.050380775285710715,-0.03806180295676016,-13.49889219955688,149.80151272060507,34.44098097639239,0.1869328854885862,209.80235312094126,0.5631898483607709,43.82454238439403,1.00425854715615,TRUE,NA,v0.41
465059,SANDSTONE RICHFIELD — RICHFIELD (465059),SANDSTONE RICHFIELD,RICHFIELD,SEVIER,UT,84701,99946,R,4,98,50-99,SNF-dominant,2023,2024,366,plausible,valid_core_plausible_report_period,12874,35.17486338797814,0.3589271774283484,0.06283983221997826,0.6997825073792139,0.23737766040080782,339.27753611931024,379.1954326549635,-39.917896535653256,-0.11765558366238471,-0.1036141505483579,-35.15395370514215,136.81350007767594,12.398788255398477,0.08309495413488784,177.66032313189373,0.4685191535351375,54.18061224615211,1.1491142052707697,TRUE,NA,v0.41
465146,SANDSTONE SOUTH LAKE — SALT LAKE CITY (465146),SANDSTONE SOUTH LAKE,SALT LAKE CITY,SALT LAKE,UT,84115,41620,U,4,140,100-149,SNF-dominant,2023,2024,366,plausible,valid_core_plausible_report_period,31964,87.33333333333333,0.6238095238095238,0.034100863471405334,0.8293392566637467,0.13655987986484797,434.01536103116007,335.5709548241772,98.44440620698288,0.22682240087791514,0.23816655922672653,103.36794518833688,131.63712301339007,41.25578776123139,0.23862047076650425,193.75525591290202,0.5773898280750202,118.1452049609414,1.2388396959572539,TRUE,NA,v0.41
465066,SANDSTONE TAYLORSVILLE — SALT LAKE CITY (465066),SANDSTONE TAYLORSVILLE,SALT LAKE CITY,SALT LAKE,UT,84123,41620,U,4,120,100-149,SNF-dominant,2023,2024,366,plausible,valid_core_plausible_report_period,35161,96.06830601092896,0.8005692167577414,0.048974716304997015,0.7636870396177583,0.18733824407724467,428.95250419498876,363.17553539432896,65.7769688006598,0.15334324466552038,0.16236926234347732,69.64870168652769,127.45064133557067,52.75834020647877,0.2927619908565339,198.2884730240892,0.5459852156858293,91.03276269488157,1.3167461413076011,TRUE,NA,v0.41
465144,SEASONS HEALTHCARE & REHAB — ST. GEORGE (465144),SEASONS HEALTHCARE & REHAB,ST. GEORGE,WASHINGTON,UT,84770,41100,U,4,53,50-99,SNF-dominant,2023,2023,365,plausible,valid_core_plausible_report_period,16157,44.26575342465753,0.8352028948048591,0.05842668812279507,0.588104227269914,0.353469084607291,260.4857337376988,380.7510057560191,-120.26527201832027,-0.46169619461549355,0.23676897298622748,61.674939654638855,149.44036640465433,3.158073899857647,0.020695322269059062,172.0080460481525,0.4517599256412032,27.35651502634841,11.737664982571575,TRUE,NA,v0.41
465162,SILVERADO SENIOR LIVING-ASPEN PARK — SALT LAKE CITY (465162),SILVERADO SENIOR LIVING-ASPEN PARK,SALT LAKE CITY,SALT LAKE,UT,84117,41620,U,4,20,<50,SNF-dominant,2018,2018,365,plausible,valid_core_plausible_report_period,5154,14.12054794520548,0.706027397260274,0.6455180442374855,NA,0.35448195576251457,1758.896391152503,1996.7588280946838,-237.86243694218092,-0.13523391038759444,-0.04308426192386131,-75.78075281334885,896.4049282110982,96.01571594877765,0.09674901113132207,1017.744470314319,0.5096982449730574,0.10640060361694034,0.17041330836700092,TRUE,NA,v0.41
465062,SOUTH DAVIS COMMUNITY CARE CENTER — BOUNTIFUL (465062),SOUTH DAVIS COMMUNITY CARE CENTER,BOUNTIFUL,DAVIS,UT,84010,36260,U,12,60,50-99,SNF-dominant,2018,2019,365,plausible,valid_core_plausible_report_period,16059,43.9972602739726,0.7332876712328767,0.05710193660875521,0.7969362974033253,0.14596176598791955,249.933744317828,283.3764867052743,-33.442742387446316,-0.13380643129532305,-0.13380643129532305,-33.442742387446295,147.21701226726447,NA,NA,175.97727131203686,0.6210016693977225,0.004571780915775731,0.2908377193625475,TRUE,NA,v0.41
465091,SOUTH VALLEY HEALTHCARE INC. — DRAPER (465091),SOUTH VALLEY HEALTHCARE INC.,DRAPER,SALT LAKE,UT,84020-9755,41620,U,11,85,50-99,SNF-dominant,2023,2024,366,plausible,valid_core_plausible_report_period,22145,60.505464480874316,0.711828993892639,0.05703319033641906,0.7041318582072703,0.23883495145631067,423.417882140438,394.95922330097085,28.458658839467148,0.06721175472231959,0.0668067033758225,28.287152856175208,223.76658387897945,NA,NA,255.7476631293746,0.647529284142042,2.3856360099936293,4.514526640850232,TRUE,NA,v0.41
465180,SOUTHERN UTAH VETERANS HOME - IVINS — IVINS (465180),SOUTHERN UTAH VETERANS HOME - IVINS,IVINS,WASHINGTON,UT,84738,41100,U,10,108,100-149,SNF-dominant,2023,2024,366,plausible,valid_core_plausible_report_period,37795,103.26502732240438,0.9561576603926331,0.039052784759888874,0.03518983992591613,0.925757375314195,456.9502315121048,426.8726551131102,30.07757639899455,0.06582243387745786,0.08054464641710798,36.80489482735812,239.62423601005423,21.409181108612252,0.08201701278300157,303.47633284826037,0.7109294287492999,44.091496953076714,1.6548805564420506,TRUE,NA,v0.41
465183,SPANISH FORK REHABILITATION AND NURS — SPANISH FORK (465183),SPANISH FORK REHABILITATION AND NURS,SPANISH FORK,UTAH,UT,84660,39340,U,9,44,<50,SNF-dominant,2023,2023,365,plausible,valid_core_plausible_report_period,14252,39.04657534246575,0.8840642640034737,0.1435587987650856,NA,0.8564412012349144,370.53206567499296,360.5587285994948,9.973337075498137,0.026916259075526673,0.028754987622194497,10.65464496211058,131.26066516980072,NA,NA,147.06883244456918,0.40789147725205077,28.935652384083625,1.8897044652608086,TRUE,NA,v0.41
465178,STONEHENGE OF AMERICAN FORK — AMERICAN FORK (465178),STONEHENGE OF AMERICAN FORK,AMERICAN FORK,UTAH,UT,84003,39340,U,6,119,100-149,SNF-dominant,2023,2023,365,plausible,valid_core_plausible_report_period,28275,77.46575342465754,0.650972717854265,0.19282051282051282,0.543236074270557,0.26394341290893014,394.0464014146773,368.7101326259947,25.336268788682617,0.06429767838945392,0.06429767838945392,25.33626878868258,192.6286118479222,NA,NA,216.0902210433245,0.5860707420875738,14.619425532880223,4.241186370343047,TRUE,NA,v0.41
465153,STONEHENGE OF CEDAR CITY LLC — CEDAR CITY (465153),STONEHENGE OF CEDAR CITY LLC,CEDAR CITY,IRON,UT,84721,99946,R,6,50,50-99,SNF-dominant,2023,2023,365,plausible,valid_core_plausible_report_period,14874,40.75068493150685,0.815013698630137,0.1871722468737394,0.5484066155707946,0.2644211375554659,346.6085787279817,323.5462552104343,23.062323517547384,0.06653708226779552,0.06653708226779552,23.062323517547398,155.04195240016136,NA,NA,173.90123705795347,0.5374849322389721,18.333479136410798,3.508591989606382,TRUE,NA,v0.41
465182,STONEHENGE OF OGDEN — OGDEN (465182),STONEHENGE OF OGDEN,OGDEN,WEBER,UT,84415,36260,U,6,52,50-99,SNF-dominant,2023,2023,365,plausible,valid_core_plausible_report_period,15187,41.608219178082194,0.8001580611169652,0.339105814183183,0.31843023638638307,0.3424639494304339,454.9839336274445,445.9970369394877,8.9868966879568,0.019752118753528482,0.019752118753528482,8.986896687956806,236.90722328307106,NA,NA,269.42029367221966,0.6040853892685709,5.2313011111034005,5.584203577001561,TRUE,NA,v0.41
465167,STONEHENGE OF OREM — OREM (465167),STONEHENGE OF OREM,OREM,UTAH,UT,84057,39340,U,6,34,<50,SNF-dominant,2023,2023,365,plausible,valid_core_plausible_report_period,8075,22.123287671232877,0.6506849315068494,0.6803715170278638,NA,0.3196284829721362,607.9857585139318,500.87021671826625,107.11554179566559,0.17618100472860188,0.17618100472860188,107.11554179566564,251.5230959752322,NA,NA,282.2704643962848,0.5635600899684933,20.215693948884507,13.045646703017727,TRUE,NA,v0.41
465173,STONEHENGE OF RICHFIELD — RICHFIELD (465173),STONEHENGE OF RICHFIELD,RICHFIELD,SEVIER,UT,84701,99946,R,6,30,<50,SNF-dominant,2023,2023,365,plausible,valid_core_plausible_report_period,6697,18.34794520547945,0.6115981735159818,0.26982230849634165,0.35926534269075705,0.3709123488129013,386.2081529042855,385.7528744213827,0.45527848290277007,0.0011788422369623684,0.0011788422369623684,0.45527848290279227,201.7195759295207,NA,NA,228.8872629535613,0.5933520606862231,22.719294476592165,6.455504713600529,TRUE,NA,v0.41
465176,STONEHENGE OF SOUTH JORDAN — SOUTH JORDAN (465176),STONEHENGE OF SOUTH JORDAN,SOUTH JORDAN,SALT LAKE,UT,84095,41620,U,6,32,<50,SNF-dominant,2023,2023,365,plausible,valid_core_plausible_report_period,7561,20.715068493150685,0.6473458904109589,0.5917206718688004,NA,0.4082793281311996,595.9328131199577,604.1912445443725,-8.258431424414766,-0.013857990771104573,-0.013857990771104573,-8.25843142441476,293.61182383282636,NA,NA,336.1096415818013,0.5562967762554479,4.606713890755622,2.231414776494249,TRUE,NA,v0.41
465130,STONEHENGE OF SPRINGVILLE — SPRINGVILLE (465130),STONEHENGE OF SPRINGVILLE,SPRINGVILLE,UTAH,UT,84663,39340,U,6,50,50-99,SNF-dominant,2023,2023,365,plausible,valid_core_plausible_report_period,12121,33.20821917808219,0.6641643835616439,0.19123834667106673,0.5566372411517202,0.2521244121772131,385.22465143140005,387.12787723785164,-1.9032258064515872,-0.004940560785452576,-0.004940560785452576,-1.903225806451613,194.90075076313835,NA,NA,216.45326293210132,0.5591260037290269,5.373594235927761,3.9954621776790513,TRUE,NA,v0.41
465095,SUCCESSOR HEALTHCARE INC. — SALT LAKE CITY (465095),SUCCESSOR HEALTHCARE INC.,SALT LAKE CITY,SALT LAKE,UT,84115,41620,U,11,221,150+,SNF-dominant,2023,2023,365,plausible,valid_core_plausible_report_period,60547,165.88219178082193,0.7505981528543978,0.11069086825111071,0.7149322014302938,0.17437693031859547,472.58088757494176,404.6500900127174,67.93079756222437,0.14374427605570894,0.14544239918737248,68.73329809899748,213.96493633045404,0.010917138751713545,5.102042391565776e-5,243.76200307199366,0.6024019494579445,5.61773181271826,9.087585302027444,TRUE,NA,v0.41
465079,SUNSHINE TERRACE — LOGAN (465079),SUNSHINE TERRACE,LOGAN,CACHE,UT,84321,30860,U,2,172,150+,SNF-dominant,2023,2023,365,plausible,valid_core_plausible_report_period,18608,50.98082191780822,0.29640012742911753,0.026493981083404988,0.725225709372313,0.24828030954428204,237.93454428202924,307.22135640584696,-69.28681212381773,-0.29120114665523505,-0.4523476754076693,-107.62913800515908,143.66423043852106,8.634726999140154,0.05669590353351242,175.68400687876183,0.5718482885892833,-1.8977299264008116,1.955719406215367,TRUE,NA,v0.41
465169,THATCHER BROOK REHAB CENTER — CLEARFIELD (465169),THATCHER BROOK REHAB CENTER,CLEARFIELD,DAVIS,UT,84015,36260,U,4,30,<50,SNF-dominant,2023,2023,365,plausible,valid_core_plausible_report_period,9655,26.45205479452055,0.8817351598173516,0.44205075090626617,NA,0.5579492490937338,478.53081305023306,464.47074054893835,14.060072501294712,0.029381749550616152,0.029381749550616152,14.060072501294666,217.4863801139306,NA,NA,256.70554117037807,0.5526839879450502,25.79681745760085,4.905280310987641,TRUE,NA,v0.41
465177,THE PEAKS NURSING & REHAB — OREM (465177),THE PEAKS NURSING & REHAB,OREM,UTAH,UT,84057,39340,U,5,16,<50,SNF-dominant,2018,2018,366,plausible,valid_core_plausible_report_period,3198,8.737704918032787,0.5476027397260274,0.3486554096310194,NA,0.6513445903689806,384.130081300813,501.0838023764853,-116.95372107567232,-0.3044638438094246,-0.2968607543827659,-114.03314571607254,265.20606629143214,NA,NA,311.2107567229518,0.6210752677435902,7.458564487483666,1.2831541218637992,TRUE,NA,v0.41
465084,UINTAH BASIN & SENIOR VILLA — ROOSEVELT (465084),UINTAH BASIN & SENIOR VILLA,ROOSEVELT,DUCHESNE,UT,84066,99946,R,8,90,50-99,SNF-dominant,2023,2024,366,plausible,valid_core_plausible_report_period,16433,44.89890710382514,0.49887674559805706,0.0781963122984239,0.6567881701454391,0.26501551755613706,374.1493945110449,395.09894724030914,-20.94955272926427,-0.055992480641702216,-0.046601577614457886,-17.435952047708877,173.49461449522303,NA,NA,239.84646747398529,0.6070541800965736,27.08141176630044,0.48716325519245246,TRUE,NA,v0.41
465092,UINTAH HC SPECIAL SVC DISTRICT — VERNAL (465092),UINTAH HC SPECIAL SVC DISTRICT,VERNAL,UINTAH,UT,84078,99946,R,9,110,100-149,SNF-dominant,2023,2023,365,plausible,valid_core_plausible_report_period,14420,39.50684931506849,0.35915317559153176,0.050970873786407765,0.7662968099861304,0.18273231622746186,345.1107489597781,492.0092926490985,-146.89854368932038,-0.4256562397204299,0.04008000004822669,13.832038834951456,222.09188626907073,0.012135922330097087,5.4640713888732775e-5,341.28287101248264,0.6936512706394876,19.04470670947376,0.5112713920888998,TRUE,NA,v0.41
465082,UTAH VALLEY REHABILITATION AND HEALT — PROVO (465082),UTAH VALLEY REHABILITATION AND HEALT,PROVO,UTAH,UT,84601,39340,U,6,99,50-99,SNF-dominant,2016,2016,366,plausible,valid_core_plausible_report_period,17669,48.275956284153004,0.48763592206215156,0.04969155017261871,0.7975550399003906,0.15275340992699077,231.82092931122304,315.38377950082065,-83.56285018959761,-0.3604629247146759,-0.2803382971471986,-64.98828456618938,105.36668741864283,10.691097402229895,0.09211874428527887,130.95766596864564,0.4152327243205762,0.051032962489475135,-0.25461438361840105,TRUE,NA,v0.41
465069,WASHINGTON HEIGHTS HEALTHCARE INC. — OGDEN (465069),WASHINGTON HEIGHTS HEALTHCARE INC.,OGDEN,WEBER,UT,84405,36260,U,11,108,100-149,SNF-dominant,2023,2024,366,plausible,valid_core_plausible_report_period,23095,63.10109289617486,0.5842693786682858,0.07291621563108898,0.6114310456808834,0.31565273868802773,410.4507036155012,420.4174496644295,-9.966746048928314,-0.02428244357028782,-0.023143864474380597,-9.499415457891319,214.83758389261746,18.644252002597966,0.0798531154730398,271.7793461788266,0.6464511556210536,0.9533035598696169,10.317627059541453,TRUE,NA,v0.41
465115,WATERFALL CANYON HEALTHCARE LLC — OGDEN (465115),WATERFALL CANYON HEALTHCARE LLC,OGDEN,WEBER,UT,84405,36260,U,11,114,100-149,SNF-dominant,2023,2023,365,plausible,valid_core_plausible_report_period,28033,76.8027397260274,0.6737082432107666,0.04608853850818678,0.775871294545714,0.17804016694609923,362.22830235793526,337.9819855170692,24.246316840866086,0.06693656095626443,0.06716641327762517,24.32957585702565,175.61491813220132,13.28445046909,0.07032554194042545,215.55802090393465,0.6377796158992275,11.149381364945551,3.5727495930588984,TRUE,NA,v0.41
465003,WEST 5600 HEALTHCARE INC. — ROY (465003),WEST 5600 HEALTHCARE INC.,ROY,WEBER,UT,84067,36260,U,11,122,100-149,SNF-dominant,2023,2024,366,plausible,valid_core_plausible_report_period,40844,111.59562841530055,0.9147182656991848,0.06715796689844286,0.7349916756439134,0.1978503574576437,482.0309959847224,480.8112574674371,1.2197385172852933,0.0025304151132304765,0.071528174873784,34.47879737537949,240.58047693663696,3.2400352560963666,0.01328860819361748,282.28976104201354,0.5871113803135768,0.6954804283781834,7.656566866295589,TRUE,NA,v0.41
465101,ZION HEALTHCARE INC. — HURRICANE (465101),ZION HEALTHCARE INC.,HURRICANE,WASHINGTON,UT,84737,41100,U,11,54,50-99,SNF-dominant,2023,2024,366,plausible,valid_core_plausible_report_period,16826,45.97267759562842,0.8513458814005262,0.1340782122905028,0.6635564008082729,0.2023653869012243,424.2304172114585,390.49815761321764,33.73225959824083,0.07951400519549948,0.07975622648096461,33.83501723523119,193.49821704504933,11.42285748246761,0.055742717086591016,236.35754189944134,0.605271849025085,0.6657662815831071,5.269790777078982,TRUE,NA,v0.41
